show tables ;
# 비밀번호는 전부 1111
INSERT INTO user (email, password, role, nickname, phone_number, point)
VALUES
    ('test1@readio.com', '{bcrypt}$2a$10$Dci/t08LfH.gBh9AxrFJIuP7fYtvF27Koi89sFPIm8fk46QOqGOym', 0, '관리자1', '010-1000-1001', 50000),
    ('test2@readio.com', '{bcrypt}$2a$10$Dci/t08LfH.gBh9AxrFJIuP7fYtvF27Koi89sFPIm8fk46QOqGOym', 0, '관리자2', '010-1000-1002', 50000),
    ('test3@readio.com', '{bcrypt}$2a$10$Dci/t08LfH.gBh9AxrFJIuP7fYtvF27Koi89sFPIm8fk46QOqGOym', 0, '관리자3', '010-1000-1003', 50000),
    ('test4@readio.com', '{bcrypt}$2a$10$Dci/t08LfH.gBh9AxrFJIuP7fYtvF27Koi89sFPIm8fk46QOqGOym', 0, '관리자4', '010-1000-1004', 50000),
    ('test5@readio.com', '{bcrypt}$2a$10$Dci/t08LfH.gBh9AxrFJIuP7fYtvF27Koi89sFPIm8fk46QOqGOym', 0, '관리자5', '010-1000-1005', 50000);

INSERT INTO `category` VALUES
                           (0,'총류','총류 일반'),
                           (10,'총류','도서관학'),
                           (20,'총류','문헌정보학'),
                           (30,'총류','백과사전'),
                           (40,'총류','강연집, 수필집, 연설문집'),
                           (50,'총류','일반 연속간행물'),
                           (60,'총류','일반 학회, 단체, 협회, 기관, 연구기관'),
                           (70,'총류','신문, 저널리즘'),
                           (80,'총류','일반 전집, 총서'),
                           (90,'총류','향토자료'),
                           (100,'철학','철학 일반'),
                           (110,'철학','형이상학'),
                           (120,'철학','인식론, 인과론, 인간학'),
                           (130,'철학','철학의 체계'),
                           (140,'철학','경학'),
                           (150,'철학','동양철학, 동양사상'),
                           (160,'철학','서양철학'),
                           (170,'철학','논리학'),
                           (180,'철학','심리학'),
                           (190,'철학','윤리학, 도덕철학'),
                           (200,'종교','종교 일반'),
                           (210,'종교','비교종교'),
                           (220,'종교','불교'),
                           (230,'종교','기독교'),
                           (240,'종교','도교'),
                           (250,'종교','천도교'),
                           (260,'종교','기타 제 종교'),
                           (270,'종교','힌두교, 브라만교'),
                           (280,'종교','이슬람교 (회교)'),
                           (290,'종교','기타 제 종교'),
                           (300,'사회과학','사회과학 일반'),
                           (310,'사회과학','통계자료'),
                           (320,'사회과학','경제학'),
                           (330,'사회과학','사회학, 사회문제'),
                           (340,'사회과학','정치학'),
                           (350,'사회과학','행정학'),
                           (360,'사회과학','법률, 법학'),
                           (370,'사회과학','교육학'),
                           (380,'사회과학','풍습, 예절, 민속학'),
                           (390,'사회과학','국방, 군사학'),
                           (400,'자연과학','자연과학 일반'),
                           (410,'자연과학','수학'),
                           (420,'자연과학','물리학'),
                           (430,'자연과학','화학'),
                           (440,'자연과학','천문학'),
                           (450,'자연과학','지학'),
                           (460,'자연과학','광물학'),
                           (470,'자연과학','생명과학'),
                           (480,'자연과학','식물학'),
                           (490,'자연과학','동물학'),
                           (500,'기술과학','기술과학 일반'),
                           (510,'기술과학','의학'),
                           (520,'기술과학','농업, 농학'),
                           (530,'기술과학','공학, 공업 일반, 토목공학, 환경공학'),
                           (540,'기술과학','건축, 건축학'),
                           (550,'기술과학','기계공학'),
                           (560,'기술과학','전기공학, 통신공학, 전자공학'),
                           (570,'기술과학','화학공학'),
                           (580,'기술과학','제조업'),
                           (590,'기술과학','생활과학'),
                           (600,'예술','예술 일반'),
                           (610,'예술','건축술'),
                           (620,'예술','조각 및 조형 예술'),
                           (630,'예술','회화 및 그림'),
                           (640,'예술','도화, 판화'),
                           (650,'예술','장식미술 및 응용미술'),
                           (660,'예술','사진술 및 컴퓨터 예술'),
                           (670,'예술','음악'),
                           (680,'예술','연극, 무용, 공연 예술'),
                           (690,'예술','오락, 대중예술, 스포츠'),
                           (700,'언어','언어 일반'),
                           (710,'언어','한국어'),
                           (720,'언어','중국어'),
                           (730,'언어','일본어'),
                           (740,'언어','동양 제어'),
                           (750,'언어','영어'),
                           (760,'언어','독일어'),
                           (770,'언어','프랑스어'),
                           (780,'언어','스페인어, 이탈리아어, 포르투갈어'),
                           (790,'언어','기타 언어'),
                           (800,'문학','문학 일반'),
                           (810,'문학','한국문학'),
                           (820,'문학','중국문학'),
                           (830,'문학','일본문학'),
                           (840,'문학','동양 제문학'),
                           (850,'문학','영미문학'),
                           (860,'문학','독일문학'),
                           (870,'문학','프랑스문학'),
                           (880,'문학','스페인·이탈리아·포르투갈 문학'),
                           (890,'문학','기타 문학'),
                           (900,'역사','역사 일반'),
                           (910,'역사','한국사'),
                           (920,'역사','중국사'),
                           (930,'역사','일본사'),
                           (940,'역사','아시아사'),
                           (950,'역사','유럽사'),
                           (960,'역사','아프리카사'),
                           (970,'역사','북아메리카사'),
                           (980,'역사','남아메리카사'),
                           (990,'역사','오세아니아사, 기타 지역사');

INSERT INTO `author` VALUES
                         (1,'손무'),
                         (2,'알렉산더 해밀턴'),
                         (3,'버트런드 러셀'),
                         (4,'마르쿠스 아우렐리우스'),
                         (5,'프리드리히 니체'),
                         (6,'데이비드 흄'),
                         (7,'아우구스티누스'),
                         (8,'John Milton'),
                         (9,'소스타인 베블런'),
                         (10,'장 자크 루소');

INSERT INTO `publisher` VALUES
                            (1,'CH북스(크리스천다이제스트)'),
                            (2,'위키북스'),
                            (3,'길벗'),
                            (4,'생능출판사'),
                            (5,'책밥출판사');

INSERT INTO `book`
(`expired`, `author_id`, `publisher_id`, `category_id`, `image`, `pub_date`, `updated_at`, `isbn`, `ecn`, `description`, `name`, `rating`)
VALUES
    (false,1,1,150,'image/손자병법.jpg','2025-05-12','2025-05-12',
     '9791170612247', NULL, '손자병법','손자병법',0),
    (false,2,2,340,'image/연방주의자 논집.jpg','2025-05-12','2025-05-12',
     '9791165229566',NULL,'연방주의자 논집','연방주의자 논집',0),
    (false, 3, 3, 180, 'image/마음분석.jpg','2025-05-12','2025-05-12',
     '9791159122668', NULL, '마음분석','마음분석',0),
    (false, 4, 4, 180,'image/명상록.jpg','2025-05-12','2025-05-12',
     '9791187142393',NULL, '고대의 왕의 명상록', '명상록',0),
    (false, 6, 5, 120, 'image/인간오성의 탐구.jpg','2025-05-12', '2025-05-12',
     '9788930610223',NULL, '인간오성의 탐구','인간오성의 탐구',0),
    (false, 5, 2, 190,'image/선악의 저편.jpg',       '2025-05-12', '2025-05-12',
     '9788998139066',NULL, '선악의 저편','선악의 저편',           0),
    (false, 7, 3, 270,'image/고백록.jpg','2025-05-12', '2025-05-12',
     '9788998139073',NULL, '고백록','고백록',0),
    (false, 8, 4, 820, 'image/실락원.jpg','2025-05-12', '2025-05-12',
     '9788998139080',NULL, '실락원','실락원',0),
    (false, 9, 5, 300, 'image/유한계급론.jpg','2025-05-12', '2025-05-12',
     '9788998139097',NULL, '유한계급론', '유한계급론', 0),
    (false, 10,1, 320, 'image/사회계약론.jpg',       '2025-05-12', '2025-05-12',
     '9788998139103',NULL, '사회계약론', '사회계약론',0);


